{
    "aishwaryabr19@gmail.com": {
        "name": "Aishwarya Baskar",
        "password": "scrypt:32768:8:1$zCfMj0g9dQEu6r3G$82a14be0f85540aef053e18caab562f3b52bd0dbd6384011a903ddcf165cbeb30b7cf252d0d224fe1d7bd23244be44cbac85672a17d86c9daae972f464e352e5",
        "created_at": "2025-06-11 13:44:36"
    },
    "rekhab2109@gmail.com": {
        "name": "Rekha",
        "password": "scrypt:32768:8:1$Y1ts5UDoXEVhZWJL$eb489dabd684583689f9eaf6fd2d521dd834ab7c2bde18f2a6c20ecfba0c401a0631603ed0137c007177718523916dfe2bb859839999807c0b376a5112d2d21c",
        "created_at": "2025-06-11 14:05:02"
    },
    "farheensamdani20@gmail.com": {
        "name": "Farheen",
        "password": "scrypt:32768:8:1$r1RBVwlltCqLZ1rk$1a57af4caf0a191e427dfde5b4c3a8bef33833d0dff2a3e07c4a5315766ebcef5cb49475ff04cfe06afe629d60ff5582c4764e620d98380080f9382cbe7ac5f8",
        "created_at": "2025-06-12 08:19:23"
    }
}